{
    "train_losses": [
        1.2352537933899008,
        0.7079595346813616,
        0.65938315378583,
        0.6470398766838986,
        0.6372626533974772,
        0.6279065971789153,
        0.6219461586164392,
        0.6236368210419364,
        0.6162064509547275,
        0.6120867463557617,
        0.6049405498349149,
        0.6038007943526559,
        0.5994099138871484,
        0.5966746496117633,
        0.592546376845111,
        0.5890034456615862,
        0.586780093934225,
        0.5826893487702245,
        0.5748733819826789,
        0.5627344710671384,
        0.5533817685816599,
        0.545582182381464,
        0.5365923089177712,
        0.5376694506925085,
        0.527578757185003,
        0.5144582008538039,
        0.5044902997172397,
        0.5060731344248938,
        0.49550049071726593,
        0.48694105932246085,
        0.48044577564882196,
        0.47531417919241864,
        0.4714436670360358,
        0.46922811995381897,
        0.4680611909083698,
        0.45434507921985956,
        0.4578894467457481,
        0.4510980274366296,
        0.44557408891294314,
        0.448700201900109,
        0.43837329194597574,
        0.4381440719184668,
        0.44010392220123956,
        0.43357963276946027,
        0.42972959675218747,
        0.4290645540408466,
        0.43042568732862885,
        0.42761772385110025,
        0.43952356635228446,
        0.4340551923150602
    ],
    "val_losses": [
        0.736970463524694,
        0.6625215877657351,
        0.6609242428903994,
        0.6514948580576025,
        0.6426618591598843,
        0.6321212079214014,
        0.6273026803265447,
        0.6317964844081713,
        0.6333142026610996,
        0.6398330771404764,
        0.6269225607747617,
        0.6262038712916167,
        0.6230559167654618,
        0.6263948316159456,
        0.6268203880475915,
        0.6317808083865953,
        0.6355159127193949,
        0.6372101514235787,
        0.6288281705068506,
        0.6366478748943495,
        0.6498643185781396,
        0.6454791659894197,
        0.6509056765100231,
        0.648075590962949,
        0.6575147354084513,
        0.6684596745864205,
        0.6719825449197189,
        0.6825859779896943,
        0.6759351414182911,
        0.7027637077414471,
        0.6879471955092057,
        0.7125405332316523,
        0.71806356958721,
        0.7142623040987097,
        0.7189871228259542,
        0.7341904147811558,
        0.7224712242250857,
        0.7195901507916658,
        0.7537824096887008,
        0.7453036178713259,
        0.7522110990856005,
        0.7500635281853054,
        0.7543397468069325,
        0.7651685631793478,
        0.7717626587204311,
        0.7571939955586973,
        0.7618139995181042,
        0.7729216166164564,
        0.7711592109306998,
        0.7556129512579545
    ],
    "best_val_loss": 0.6230559167654618,
    "hyperparameters": {
        "batch_size": 32,
        "embed_size": 256,
        "hidden_size": 512,
        "num_layers": 2,
        "learning_rate": 0.001,
        "num_epochs": 50
    },
    "training_date": "2025-12-26 14:46:41"
}